tif_name,frame_index,section_index,capsule_index_map,capsule_location_map,capsule_radius
WT_duplicate_1.tif_8bit_5frames.tif,0,11,0,"[(516, 1000)]",37
WT_duplicate_1.tif_8bit_5frames.tif,0,11,1,"[(526, 906)]",36
WT_duplicate_1.tif_8bit_5frames.tif,0,11,2,"[(612, 876)]",50
WT_duplicate_1.tif_8bit_5frames.tif,0,11,3,"[(612, 1102)]",43
WT_duplicate_1.tif_8bit_5frames.tif,0,11,4,"[(638, 590)]",40
WT_duplicate_1.tif_8bit_5frames.tif,0,11,5,"[(712, 916)]",50
WT_duplicate_1.tif_8bit_5frames.tif,0,11,6,"[(812, 1482)]",43
WT_duplicate_1.tif_8bit_5frames.tif,0,11,7,"[(962, 800)]",38
WT_duplicate_1.tif_8bit_5frames.tif,0,11,8,"[(1010, 458)]",40
WT_duplicate_1.tif_8bit_5frames.tif,0,11,9,"[(1138, 116)]",39
WT_duplicate_1.tif_8bit_5frames.tif,0,11,10,"[(1504, 796)]",43
WT_duplicate_1.tif_8bit_5frames.tif,0,12,0,"[(184, 212)]",40
WT_duplicate_1.tif_8bit_5frames.tif,0,12,1,"[(298, 680)]",37
WT_duplicate_1.tif_8bit_5frames.tif,0,12,2,"[(440, 1512)]",44
WT_duplicate_1.tif_8bit_5frames.tif,0,12,3,"[(518, 1368)]",47
WT_duplicate_1.tif_8bit_5frames.tif,0,12,4,"[(698, 604)]",41
WT_duplicate_1.tif_8bit_5frames.tif,0,12,5,"[(744, 966)]",40
WT_duplicate_1.tif_8bit_5frames.tif,0,12,6,"[(1066, 320)]",41
WT_duplicate_1.tif_8bit_5frames.tif,0,12,7,"[(1210, 764)]",49
WT_duplicate_1.tif_8bit_5frames.tif,0,12,8,"[(1360, 1146)]",46
WT_duplicate_1.tif_8bit_5frames.tif,0,13,0,"[(332, 606)]",43
WT_duplicate_1.tif_8bit_5frames.tif,0,13,1,"[(350, 802)]",42
WT_duplicate_1.tif_8bit_5frames.tif,0,13,2,"[(410, 1166)]",44
WT_duplicate_1.tif_8bit_5frames.tif,0,13,3,"[(418, 1416)]",40
WT_duplicate_1.tif_8bit_5frames.tif,0,13,4,"[(716, 772)]",50
WT_duplicate_1.tif_8bit_5frames.tif,0,13,5,"[(744, 296)]",36
WT_duplicate_1.tif_8bit_5frames.tif,0,13,6,"[(748, 886)]",40
WT_duplicate_1.tif_8bit_5frames.tif,0,13,7,"[(1002, 1302)]",48
WT_duplicate_1.tif_8bit_5frames.tif,0,13,8,"[(1118, 118)]",39
WT_duplicate_1.tif_8bit_5frames.tif,0,13,9,"[(1374, 90)]",38
WT_duplicate_1.tif_8bit_5frames.tif,0,13,10,"[(1476, 1102)]",47
WT_duplicate_1.tif_8bit_5frames.tif,0,21,0,"[(154, 266)]",47
WT_duplicate_1.tif_8bit_5frames.tif,0,21,1,"[(224, 228)]",38
WT_duplicate_1.tif_8bit_5frames.tif,0,21,2,"[(258, 1064)]",44
WT_duplicate_1.tif_8bit_5frames.tif,0,21,3,"[(700, 654)]",41
WT_duplicate_1.tif_8bit_5frames.tif,0,21,4,"[(742, 1394)]",42
WT_duplicate_1.tif_8bit_5frames.tif,0,21,5,"[(916, 586)]",45
WT_duplicate_1.tif_8bit_5frames.tif,0,21,6,"[(1028, 1054)]",49
WT_duplicate_1.tif_8bit_5frames.tif,0,21,7,"[(1148, 1508)]",38
WT_duplicate_1.tif_8bit_5frames.tif,0,21,8,"[(1356, 54)]",37
WT_duplicate_1.tif_8bit_5frames.tif,0,22,0,"[(188, 716)]",39
WT_duplicate_1.tif_8bit_5frames.tif,0,22,1,"[(230, 468)]",52
WT_duplicate_1.tif_8bit_5frames.tif,0,22,2,"[(252, 606)]",43
WT_duplicate_1.tif_8bit_5frames.tif,0,22,3,"[(364, 1186)]",44
WT_duplicate_1.tif_8bit_5frames.tif,0,22,4,"[(466, 540)]",35
WT_duplicate_1.tif_8bit_5frames.tif,0,22,5,"[(570, 440)]",36
WT_duplicate_1.tif_8bit_5frames.tif,0,22,6,"[(632, 1400)]",49
WT_duplicate_1.tif_8bit_5frames.tif,0,22,7,"[(642, 670)]",36
WT_duplicate_1.tif_8bit_5frames.tif,0,22,8,"[(722, 806)]",39
WT_duplicate_1.tif_8bit_5frames.tif,0,22,9,"[(758, 1346)]",40
WT_duplicate_1.tif_8bit_5frames.tif,0,22,10,"[(768, 674)]",36
WT_duplicate_1.tif_8bit_5frames.tif,0,22,11,"[(876, 792)]",44
WT_duplicate_1.tif_8bit_5frames.tif,0,22,12,"[(888, 1244)]",37
WT_duplicate_1.tif_8bit_5frames.tif,0,22,13,"[(894, 154)]",50
WT_duplicate_1.tif_8bit_5frames.tif,0,22,14,"[(936, 78)]",40
WT_duplicate_1.tif_8bit_5frames.tif,0,22,15,"[(970, 206)]",38
WT_duplicate_1.tif_8bit_5frames.tif,0,22,16,"[(1004, 390)]",54
WT_duplicate_1.tif_8bit_5frames.tif,0,22,17,"[(1144, 228)]",40
WT_duplicate_1.tif_8bit_5frames.tif,0,22,18,"[(1148, 882)]",40
WT_duplicate_1.tif_8bit_5frames.tif,0,22,19,"[(1152, 124)]",47
WT_duplicate_1.tif_8bit_5frames.tif,0,22,20,"[(1204, 1260)]",49
WT_duplicate_1.tif_8bit_5frames.tif,0,22,21,"[(1294, 802)]",46
WT_duplicate_1.tif_8bit_5frames.tif,0,22,22,"[(1502, 654)]",41
WT_duplicate_1.tif_8bit_5frames.tif,0,23,0,"[(56, 972)]",37
WT_duplicate_1.tif_8bit_5frames.tif,0,23,1,"[(180, 608)]",46
WT_duplicate_1.tif_8bit_5frames.tif,0,23,2,"[(252, 112)]",46
WT_duplicate_1.tif_8bit_5frames.tif,0,23,3,"[(304, 1326)]",53
WT_duplicate_1.tif_8bit_5frames.tif,0,23,4,"[(312, 1464)]",45
WT_duplicate_1.tif_8bit_5frames.tif,0,23,5,"[(444, 544)]",37
WT_duplicate_1.tif_8bit_5frames.tif,0,23,6,"[(658, 910)]",41
WT_duplicate_1.tif_8bit_5frames.tif,0,23,7,"[(926, 1340)]",41
WT_duplicate_1.tif_8bit_5frames.tif,0,23,8,"[(1016, 186)]",38
WT_duplicate_1.tif_8bit_5frames.tif,0,23,9,"[(1200, 680)]",39
WT_duplicate_1.tif_8bit_5frames.tif,0,23,10,"[(1302, 1544)]",45
WT_duplicate_1.tif_8bit_5frames.tif,0,23,11,"[(1470, 1426)]",46
WT_duplicate_1.tif_8bit_5frames.tif,0,31,0,"[(322, 300)]",43
WT_duplicate_1.tif_8bit_5frames.tif,0,31,1,"[(706, 1530)]",49
WT_duplicate_1.tif_8bit_5frames.tif,0,31,2,"[(742, 518)]",47
WT_duplicate_1.tif_8bit_5frames.tif,0,31,3,"[(788, 374)]",36
WT_duplicate_1.tif_8bit_5frames.tif,0,31,4,"[(878, 610)]",47
WT_duplicate_1.tif_8bit_5frames.tif,0,31,5,"[(1102, 846)]",40
WT_duplicate_1.tif_8bit_5frames.tif,0,31,6,"[(1388, 530)]",42
WT_duplicate_1.tif_8bit_5frames.tif,0,31,7,"[(1536, 1302)]",46
WT_duplicate_1.tif_8bit_5frames.tif,0,32,0,"[(68, 1214)]",36
WT_duplicate_1.tif_8bit_5frames.tif,0,32,1,"[(396, 610)]",46
WT_duplicate_1.tif_8bit_5frames.tif,0,32,2,"[(468, 1074)]",47
WT_duplicate_1.tif_8bit_5frames.tif,0,32,3,"[(530, 718)]",46
WT_duplicate_1.tif_8bit_5frames.tif,0,32,4,"[(958, 298)]",48
WT_duplicate_1.tif_8bit_5frames.tif,0,32,5,"[(1166, 520)]",48
WT_duplicate_1.tif_8bit_5frames.tif,0,32,6,"[(1212, 454)]",42
WT_duplicate_1.tif_8bit_5frames.tif,0,32,7,"[(1238, 584)]",43
WT_duplicate_1.tif_8bit_5frames.tif,0,32,8,"[(1414, 1376)]",48
WT_duplicate_1.tif_8bit_5frames.tif,0,32,9,"[(1422, 1486)]",40
WT_duplicate_1.tif_8bit_5frames.tif,0,32,10,"[(1432, 114)]",40
WT_duplicate_1.tif_8bit_5frames.tif,0,33,0,"[(322, 814)]",37
WT_duplicate_1.tif_8bit_5frames.tif,0,33,1,"[(920, 606)]",45
WT_duplicate_1.tif_8bit_5frames.tif,0,33,2,"[(1210, 204)]",36
WT_duplicate_1.tif_8bit_5frames.tif,0,33,3,"[(1242, 934)]",49
WT_duplicate_2.tif_8bit_5frames.tif,0,11,0,"[(112, 1376)]",45
WT_duplicate_2.tif_8bit_5frames.tif,0,11,1,"[(174, 758)]",44
WT_duplicate_2.tif_8bit_5frames.tif,0,11,2,"[(266, 876)]",58
WT_duplicate_2.tif_8bit_5frames.tif,0,11,3,"[(282, 628)]",48
WT_duplicate_2.tif_8bit_5frames.tif,0,11,4,"[(326, 266)]",46
WT_duplicate_2.tif_8bit_5frames.tif,0,11,5,"[(430, 858)]",42
WT_duplicate_2.tif_8bit_5frames.tif,0,11,6,"[(458, 732)]",46
WT_duplicate_2.tif_8bit_5frames.tif,0,11,7,"[(460, 384)]",43
WT_duplicate_2.tif_8bit_5frames.tif,0,11,8,"[(502, 684)]",37
WT_duplicate_2.tif_8bit_5frames.tif,0,11,9,"[(584, 1464)]",49
WT_duplicate_2.tif_8bit_5frames.tif,0,11,10,"[(654, 1420)]",39
WT_duplicate_2.tif_8bit_5frames.tif,0,11,11,"[(682, 156)]",39
WT_duplicate_2.tif_8bit_5frames.tif,0,11,12,"[(708, 996)]",44
WT_duplicate_2.tif_8bit_5frames.tif,0,11,13,"[(1228, 1460)]",44
WT_duplicate_2.tif_8bit_5frames.tif,0,11,14,"[(1346, 818)]",43
WT_duplicate_2.tif_8bit_5frames.tif,0,12,0,"[(638, 278)]",41
WT_duplicate_2.tif_8bit_5frames.tif,0,12,1,"[(772, 1364)]",42
WT_duplicate_2.tif_8bit_5frames.tif,0,12,2,"[(806, 548)]",44
WT_duplicate_2.tif_8bit_5frames.tif,0,12,3,"[(884, 1414)]",40
WT_duplicate_2.tif_8bit_5frames.tif,0,12,4,"[(912, 1342)]",50
WT_duplicate_2.tif_8bit_5frames.tif,0,12,5,"[(1020, 1028)]",36
WT_duplicate_2.tif_8bit_5frames.tif,0,12,6,"[(1212, 1440)]",45
WT_duplicate_2.tif_8bit_5frames.tif,0,12,7,"[(1440, 978)]",53
WT_duplicate_2.tif_8bit_5frames.tif,0,13,0,"[(138, 364)]",52
WT_duplicate_2.tif_8bit_5frames.tif,0,13,1,"[(182, 1364)]",38
WT_duplicate_2.tif_8bit_5frames.tif,0,13,2,"[(528, 576)]",49
WT_duplicate_2.tif_8bit_5frames.tif,0,13,3,"[(564, 1520)]",48
WT_duplicate_2.tif_8bit_5frames.tif,0,13,4,"[(612, 276)]",44
WT_duplicate_2.tif_8bit_5frames.tif,0,13,5,"[(804, 832)]",40
WT_duplicate_2.tif_8bit_5frames.tif,0,13,6,"[(868, 794)]",43
WT_duplicate_2.tif_8bit_5frames.tif,0,13,7,"[(954, 1298)]",56
WT_duplicate_2.tif_8bit_5frames.tif,0,13,8,"[(964, 1216)]",42
WT_duplicate_2.tif_8bit_5frames.tif,0,13,9,"[(966, 394)]",43
WT_duplicate_2.tif_8bit_5frames.tif,0,13,10,"[(1048, 1270)]",42
WT_duplicate_2.tif_8bit_5frames.tif,0,13,11,"[(1056, 824)]",42
WT_duplicate_2.tif_8bit_5frames.tif,0,13,12,"[(1096, 664)]",43
WT_duplicate_2.tif_8bit_5frames.tif,0,13,13,"[(1122, 1350)]",41
WT_duplicate_2.tif_8bit_5frames.tif,0,13,14,"[(1274, 1182)]",57
WT_duplicate_2.tif_8bit_5frames.tif,0,21,0,"[(232, 630)]",49
WT_duplicate_2.tif_8bit_5frames.tif,0,21,1,"[(274, 904)]",49
WT_duplicate_2.tif_8bit_5frames.tif,0,21,2,"[(322, 1036)]",46
WT_duplicate_2.tif_8bit_5frames.tif,0,21,3,"[(428, 764)]",46
WT_duplicate_2.tif_8bit_5frames.tif,0,21,4,"[(668, 1440)]",50
WT_duplicate_2.tif_8bit_5frames.tif,0,21,5,"[(702, 628)]",45
WT_duplicate_2.tif_8bit_5frames.tif,0,21,6,"[(742, 1508)]",57
WT_duplicate_2.tif_8bit_5frames.tif,0,21,7,"[(842, 492)]",36
WT_duplicate_2.tif_8bit_5frames.tif,0,21,8,"[(924, 660)]",40
WT_duplicate_2.tif_8bit_5frames.tif,0,21,9,"[(926, 470)]",42
WT_duplicate_2.tif_8bit_5frames.tif,0,21,10,"[(1032, 292)]",50
WT_duplicate_2.tif_8bit_5frames.tif,0,21,11,"[(1090, 1170)]",44
WT_duplicate_2.tif_8bit_5frames.tif,0,21,12,"[(1236, 180)]",39
WT_duplicate_2.tif_8bit_5frames.tif,0,22,0,"[(44, 288)]",36
WT_duplicate_2.tif_8bit_5frames.tif,0,22,1,"[(290, 1396)]",42
WT_duplicate_2.tif_8bit_5frames.tif,0,22,2,"[(434, 300)]",53
WT_duplicate_2.tif_8bit_5frames.tif,0,22,3,"[(580, 124)]",42
WT_duplicate_2.tif_8bit_5frames.tif,0,22,4,"[(642, 1330)]",37
WT_duplicate_2.tif_8bit_5frames.tif,0,22,5,"[(652, 170)]",37
WT_duplicate_2.tif_8bit_5frames.tif,0,22,6,"[(694, 1164)]",49
WT_duplicate_2.tif_8bit_5frames.tif,0,22,7,"[(710, 96)]",36
WT_duplicate_2.tif_8bit_5frames.tif,0,22,8,"[(758, 564)]",52
WT_duplicate_2.tif_8bit_5frames.tif,0,22,9,"[(834, 594)]",50
WT_duplicate_2.tif_8bit_5frames.tif,0,22,10,"[(1080, 820)]",40
WT_duplicate_2.tif_8bit_5frames.tif,0,22,11,"[(1086, 1306)]",42
WT_duplicate_2.tif_8bit_5frames.tif,0,22,12,"[(1146, 1254)]",42
WT_duplicate_2.tif_8bit_5frames.tif,0,22,13,"[(1298, 778)]",48
WT_duplicate_2.tif_8bit_5frames.tif,0,22,14,"[(1380, 958)]",38
WT_duplicate_2.tif_8bit_5frames.tif,0,22,15,"[(1402, 1448)]",39
WT_duplicate_2.tif_8bit_5frames.tif,0,22,16,"[(1446, 1372)]",59
WT_duplicate_2.tif_8bit_5frames.tif,0,22,17,"[(1510, 312)]",40
WT_duplicate_2.tif_8bit_5frames.tif,0,23,0,"[(108, 518)]",42
WT_duplicate_2.tif_8bit_5frames.tif,0,23,1,"[(194, 204)]",44
WT_duplicate_2.tif_8bit_5frames.tif,0,23,2,"[(194, 740)]",56
WT_duplicate_2.tif_8bit_5frames.tif,0,23,3,"[(256, 804)]",38
WT_duplicate_2.tif_8bit_5frames.tif,0,23,4,"[(308, 548)]",42
WT_duplicate_2.tif_8bit_5frames.tif,0,23,5,"[(342, 782)]",47
WT_duplicate_2.tif_8bit_5frames.tif,0,23,6,"[(402, 1486)]",43
WT_duplicate_2.tif_8bit_5frames.tif,0,23,7,"[(414, 714)]",50
WT_duplicate_2.tif_8bit_5frames.tif,0,23,8,"[(440, 528)]",40
WT_duplicate_2.tif_8bit_5frames.tif,0,23,9,"[(472, 838)]",42
WT_duplicate_2.tif_8bit_5frames.tif,0,23,10,"[(640, 854)]",40
WT_duplicate_2.tif_8bit_5frames.tif,0,23,11,"[(646, 108)]",37
WT_duplicate_2.tif_8bit_5frames.tif,0,23,12,"[(768, 210)]",44
WT_duplicate_2.tif_8bit_5frames.tif,0,23,13,"[(860, 356)]",36
WT_duplicate_2.tif_8bit_5frames.tif,0,23,14,"[(884, 876)]",41
WT_duplicate_2.tif_8bit_5frames.tif,0,23,15,"[(974, 1180)]",43
WT_duplicate_2.tif_8bit_5frames.tif,0,23,16,"[(988, 1070)]",43
WT_duplicate_2.tif_8bit_5frames.tif,0,23,17,"[(1076, 720)]",39
WT_duplicate_2.tif_8bit_5frames.tif,0,23,18,"[(1204, 1202)]",49
WT_duplicate_2.tif_8bit_5frames.tif,0,23,19,"[(1402, 1342)]",42
WT_duplicate_2.tif_8bit_5frames.tif,0,31,0,"[(304, 1174)]",37
WT_duplicate_2.tif_8bit_5frames.tif,0,31,1,"[(462, 608)]",36
WT_duplicate_2.tif_8bit_5frames.tif,0,31,2,"[(532, 1134)]",44
WT_duplicate_2.tif_8bit_5frames.tif,0,31,3,"[(566, 232)]",36
WT_duplicate_2.tif_8bit_5frames.tif,0,31,4,"[(596, 1100)]",42
WT_duplicate_2.tif_8bit_5frames.tif,0,31,5,"[(666, 866)]",47
WT_duplicate_2.tif_8bit_5frames.tif,0,31,6,"[(748, 436)]",52
WT_duplicate_2.tif_8bit_5frames.tif,0,31,7,"[(796, 170)]",41
WT_duplicate_2.tif_8bit_5frames.tif,0,31,8,"[(976, 180)]",44
WT_duplicate_2.tif_8bit_5frames.tif,0,31,9,"[(1314, 758)]",47
WT_duplicate_2.tif_8bit_5frames.tif,0,31,10,"[(1370, 1136)]",38
WT_duplicate_2.tif_8bit_5frames.tif,0,31,11,"[(1424, 562)]",38
WT_duplicate_2.tif_8bit_5frames.tif,0,32,0,"[(116, 506)]",46
WT_duplicate_2.tif_8bit_5frames.tif,0,32,1,"[(376, 132)]",40
WT_duplicate_2.tif_8bit_5frames.tif,0,32,2,"[(384, 942)]",44
WT_duplicate_2.tif_8bit_5frames.tif,0,32,3,"[(650, 920)]",36
WT_duplicate_2.tif_8bit_5frames.tif,0,32,4,"[(938, 778)]",46
WT_duplicate_2.tif_8bit_5frames.tif,0,32,5,"[(996, 494)]",54
WT_duplicate_2.tif_8bit_5frames.tif,0,32,6,"[(996, 154)]",44
WT_duplicate_2.tif_8bit_5frames.tif,0,32,7,"[(1052, 1302)]",35
WT_duplicate_2.tif_8bit_5frames.tif,0,32,8,"[(1124, 90)]",37
WT_duplicate_2.tif_8bit_5frames.tif,0,32,9,"[(1172, 1360)]",43
WT_duplicate_2.tif_8bit_5frames.tif,0,32,10,"[(1224, 806)]",48
WT_duplicate_2.tif_8bit_5frames.tif,0,33,0,"[(120, 510)]",42
WT_duplicate_2.tif_8bit_5frames.tif,0,33,1,"[(292, 454)]",47
WT_duplicate_2.tif_8bit_5frames.tif,0,33,2,"[(404, 846)]",43
WT_duplicate_2.tif_8bit_5frames.tif,0,33,3,"[(404, 704)]",42
WT_duplicate_2.tif_8bit_5frames.tif,0,33,4,"[(656, 408)]",58
WT_duplicate_2.tif_8bit_5frames.tif,0,33,5,"[(716, 376)]",38
WT_duplicate_2.tif_8bit_5frames.tif,0,33,6,"[(1034, 1320)]",53
WT_duplicate_2.tif_8bit_5frames.tif,0,33,7,"[(1058, 360)]",37
WT_duplicate_2.tif_8bit_5frames.tif,0,33,8,"[(1140, 364)]",36
WT_duplicate_2.tif_8bit_5frames.tif,0,33,9,"[(1352, 1452)]",41
WT_duplicate_2.tif_8bit_5frames.tif,0,33,10,"[(1370, 962)]",46
WT_duplicate_2.tif_8bit_5frames.tif,0,33,11,"[(1426, 1134)]",40
WT_duplicate_3.tif_8bit_5frames.tif,0,11,0,"[(292, 1542)]",44
WT_duplicate_3.tif_8bit_5frames.tif,0,11,1,"[(428, 1096)]",47
WT_duplicate_3.tif_8bit_5frames.tif,0,11,2,"[(628, 1474)]",48
WT_duplicate_3.tif_8bit_5frames.tif,0,11,3,"[(960, 718)]",37
WT_duplicate_3.tif_8bit_5frames.tif,0,11,4,"[(1022, 632)]",37
WT_duplicate_3.tif_8bit_5frames.tif,0,11,5,"[(1434, 1210)]",51
WT_duplicate_3.tif_8bit_5frames.tif,0,12,0,"[(172, 122)]",44
WT_duplicate_3.tif_8bit_5frames.tif,0,12,1,"[(278, 922)]",51
WT_duplicate_3.tif_8bit_5frames.tif,0,12,2,"[(360, 456)]",35
WT_duplicate_3.tif_8bit_5frames.tif,0,12,3,"[(372, 694)]",41
WT_duplicate_3.tif_8bit_5frames.tif,0,12,4,"[(698, 276)]",45
WT_duplicate_3.tif_8bit_5frames.tif,0,12,5,"[(768, 238)]",58
WT_duplicate_3.tif_8bit_5frames.tif,0,12,6,"[(946, 144)]",48
WT_duplicate_3.tif_8bit_5frames.tif,0,12,7,"[(1026, 318)]",44
WT_duplicate_3.tif_8bit_5frames.tif,0,12,8,"[(1426, 1172)]",47
WT_duplicate_3.tif_8bit_5frames.tif,0,12,9,"[(1552, 862)]",38
WT_duplicate_3.tif_8bit_5frames.tif,0,13,0,"[(276, 304)]",49
WT_duplicate_3.tif_8bit_5frames.tif,0,13,1,"[(382, 1100)]",54
WT_duplicate_3.tif_8bit_5frames.tif,0,13,2,"[(442, 1314)]",54
WT_duplicate_3.tif_8bit_5frames.tif,0,13,3,"[(522, 250)]",58
WT_duplicate_3.tif_8bit_5frames.tif,0,13,4,"[(572, 314)]",56
WT_duplicate_3.tif_8bit_5frames.tif,0,13,5,"[(622, 1012)]",51
WT_duplicate_3.tif_8bit_5frames.tif,0,13,6,"[(788, 1096)]",51
WT_duplicate_3.tif_8bit_5frames.tif,0,13,7,"[(958, 1508)]",38
WT_duplicate_3.tif_8bit_5frames.tif,0,13,8,"[(1158, 568)]",38
WT_duplicate_3.tif_8bit_5frames.tif,0,13,9,"[(1498, 1104)]",43
WT_duplicate_3.tif_8bit_5frames.tif,0,21,0,"[(304, 320)]",47
WT_duplicate_3.tif_8bit_5frames.tif,0,21,1,"[(946, 1124)]",50
WT_duplicate_3.tif_8bit_5frames.tif,0,21,2,"[(1008, 1508)]",48
WT_duplicate_3.tif_8bit_5frames.tif,0,21,3,"[(1366, 244)]",36
WT_duplicate_3.tif_8bit_5frames.tif,0,21,4,"[(1368, 1040)]",46
WT_duplicate_3.tif_8bit_5frames.tif,0,22,0,"[(60, 1374)]",40
WT_duplicate_3.tif_8bit_5frames.tif,0,22,1,"[(252, 1064)]",45
WT_duplicate_3.tif_8bit_5frames.tif,0,22,2,"[(416, 130)]",45
WT_duplicate_3.tif_8bit_5frames.tif,0,22,3,"[(438, 842)]",50
WT_duplicate_3.tif_8bit_5frames.tif,0,22,4,"[(838, 720)]",48
WT_duplicate_3.tif_8bit_5frames.tif,0,22,5,"[(1018, 94)]",48
WT_duplicate_3.tif_8bit_5frames.tif,0,22,6,"[(1032, 1064)]",52
WT_duplicate_3.tif_8bit_5frames.tif,0,22,7,"[(1068, 156)]",47
WT_duplicate_3.tif_8bit_5frames.tif,0,22,8,"[(1160, 1022)]",48
WT_duplicate_3.tif_8bit_5frames.tif,0,22,9,"[(1474, 472)]",37
WT_duplicate_3.tif_8bit_5frames.tif,0,22,10,"[(1488, 614)]",39
WT_duplicate_3.tif_8bit_5frames.tif,0,23,0,"[(80, 1094)]",46
WT_duplicate_3.tif_8bit_5frames.tif,0,23,1,"[(356, 1042)]",53
WT_duplicate_3.tif_8bit_5frames.tif,0,23,2,"[(390, 968)]",47
WT_duplicate_3.tif_8bit_5frames.tif,0,23,3,"[(412, 430)]",39
WT_duplicate_3.tif_8bit_5frames.tif,0,23,4,"[(612, 454)]",45
WT_duplicate_3.tif_8bit_5frames.tif,0,23,5,"[(638, 382)]",50
WT_duplicate_3.tif_8bit_5frames.tif,0,23,6,"[(640, 1082)]",36
WT_duplicate_3.tif_8bit_5frames.tif,0,23,7,"[(990, 706)]",49
WT_duplicate_3.tif_8bit_5frames.tif,0,23,8,"[(1498, 362)]",51
WT_duplicate_3.tif_8bit_5frames.tif,0,23,9,"[(1524, 540)]",56
WT_duplicate_3.tif_8bit_5frames.tif,0,31,0,"[(408, 974)]",47
WT_duplicate_3.tif_8bit_5frames.tif,0,31,1,"[(542, 1538)]",37
WT_duplicate_3.tif_8bit_5frames.tif,0,31,2,"[(988, 540)]",51
WT_duplicate_3.tif_8bit_5frames.tif,0,31,3,"[(1154, 748)]",49
WT_duplicate_3.tif_8bit_5frames.tif,0,31,4,"[(1200, 826)]",52
WT_duplicate_3.tif_8bit_5frames.tif,0,31,5,"[(1226, 1306)]",52
WT_duplicate_3.tif_8bit_5frames.tif,0,32,0,"[(438, 94)]",48
WT_duplicate_3.tif_8bit_5frames.tif,0,32,1,"[(658, 238)]",53
WT_duplicate_3.tif_8bit_5frames.tif,0,32,2,"[(714, 296)]",48
WT_duplicate_3.tif_8bit_5frames.tif,0,32,3,"[(1128, 188)]",50
WT_duplicate_3.tif_8bit_5frames.tif,0,32,4,"[(1178, 116)]",41
WT_duplicate_3.tif_8bit_5frames.tif,0,32,5,"[(1274, 808)]",47
WT_duplicate_3.tif_8bit_5frames.tif,0,32,6,"[(1312, 1232)]",51
WT_duplicate_3.tif_8bit_5frames.tif,0,32,7,"[(1508, 230)]",40
WT_duplicate_3.tif_8bit_5frames.tif,0,33,0,"[(74, 996)]",43
WT_duplicate_3.tif_8bit_5frames.tif,0,33,1,"[(142, 1378)]",53
WT_duplicate_3.tif_8bit_5frames.tif,0,33,2,"[(206, 1432)]",58
WT_duplicate_3.tif_8bit_5frames.tif,0,33,3,"[(784, 762)]",45
WT_duplicate_3.tif_8bit_5frames.tif,0,33,4,"[(828, 700)]",43
WT_duplicate_3.tif_8bit_5frames.tif,0,33,5,"[(1194, 1172)]",39
WT_duplicate_3.tif_8bit_5frames.tif,0,33,6,"[(1210, 1330)]",50
WT_duplicate_3.tif_8bit_5frames.tif,0,33,7,"[(1380, 1134)]",49
WT_duplicate_3.tif_8bit_5frames.tif,0,33,8,"[(1514, 884)]",46
WT_duplicate_3.tif_8bit_5frames.tif,0,33,9,"[(1524, 778)]",48
WT_duplicate_3.tif_8bit_5frames.tif,0,33,10,"[(1526, 392)]",44
WT_duplicate_4.tif_8bit_5frames.tif,0,11,0,"[(116, 400)]",36
WT_duplicate_4.tif_8bit_5frames.tif,0,11,1,"[(118, 1042)]",41
WT_duplicate_4.tif_8bit_5frames.tif,0,11,2,"[(232, 472)]",37
WT_duplicate_4.tif_8bit_5frames.tif,0,11,3,"[(736, 342)]",39
WT_duplicate_4.tif_8bit_5frames.tif,0,11,4,"[(882, 88)]",41
WT_duplicate_4.tif_8bit_5frames.tif,0,11,5,"[(956, 1158)]",42
WT_duplicate_4.tif_8bit_5frames.tif,0,11,6,"[(1008, 192)]",39
WT_duplicate_4.tif_8bit_5frames.tif,0,11,7,"[(1088, 84)]",45
WT_duplicate_4.tif_8bit_5frames.tif,0,11,8,"[(1174, 90)]",44
WT_duplicate_4.tif_8bit_5frames.tif,0,11,9,"[(1228, 1222)]",42
WT_duplicate_4.tif_8bit_5frames.tif,0,11,10,"[(1346, 226)]",47
WT_duplicate_4.tif_8bit_5frames.tif,0,11,11,"[(1366, 138)]",45
WT_duplicate_4.tif_8bit_5frames.tif,0,12,0,"[(114, 928)]",44
WT_duplicate_4.tif_8bit_5frames.tif,0,12,1,"[(230, 1250)]",46
WT_duplicate_4.tif_8bit_5frames.tif,0,12,2,"[(572, 540)]",36
WT_duplicate_4.tif_8bit_5frames.tif,0,12,3,"[(928, 580)]",41
WT_duplicate_4.tif_8bit_5frames.tif,0,12,4,"[(948, 292)]",46
WT_duplicate_4.tif_8bit_5frames.tif,0,12,5,"[(1080, 342)]",39
WT_duplicate_4.tif_8bit_5frames.tif,0,12,6,"[(1144, 110)]",36
WT_duplicate_4.tif_8bit_5frames.tif,0,12,7,"[(1424, 1298)]",41
WT_duplicate_4.tif_8bit_5frames.tif,0,12,8,"[(1434, 786)]",43
WT_duplicate_4.tif_8bit_5frames.tif,0,12,9,"[(1512, 1322)]",43
WT_duplicate_4.tif_8bit_5frames.tif,0,13,0,"[(56, 726)]",45
WT_duplicate_4.tif_8bit_5frames.tif,0,13,1,"[(158, 608)]",50
WT_duplicate_4.tif_8bit_5frames.tif,0,13,2,"[(278, 1002)]",40
WT_duplicate_4.tif_8bit_5frames.tif,0,13,3,"[(332, 1054)]",39
WT_duplicate_4.tif_8bit_5frames.tif,0,13,4,"[(356, 1394)]",47
WT_duplicate_4.tif_8bit_5frames.tif,0,13,5,"[(448, 502)]",45
WT_duplicate_4.tif_8bit_5frames.tif,0,13,6,"[(458, 1200)]",41
WT_duplicate_4.tif_8bit_5frames.tif,0,13,7,"[(496, 266)]",42
WT_duplicate_4.tif_8bit_5frames.tif,0,13,8,"[(548, 870)]",41
WT_duplicate_4.tif_8bit_5frames.tif,0,13,9,"[(600, 1334)]",38
WT_duplicate_4.tif_8bit_5frames.tif,0,13,10,"[(632, 154)]",52
WT_duplicate_4.tif_8bit_5frames.tif,0,13,11,"[(690, 494)]",41
WT_duplicate_4.tif_8bit_5frames.tif,0,13,12,"[(748, 1266)]",49
WT_duplicate_4.tif_8bit_5frames.tif,0,13,13,"[(764, 548)]",36
WT_duplicate_4.tif_8bit_5frames.tif,0,13,14,"[(824, 1218)]",44
WT_duplicate_4.tif_8bit_5frames.tif,0,13,15,"[(926, 236)]",43
WT_duplicate_4.tif_8bit_5frames.tif,0,13,16,"[(1314, 626)]",47
WT_duplicate_4.tif_8bit_5frames.tif,0,13,17,"[(1552, 798)]",36
WT_duplicate_4.tif_8bit_5frames.tif,0,21,0,"[(132, 464)]",39
WT_duplicate_4.tif_8bit_5frames.tif,0,21,1,"[(464, 548)]",55
WT_duplicate_4.tif_8bit_5frames.tif,0,21,2,"[(554, 514)]",54
WT_duplicate_4.tif_8bit_5frames.tif,0,21,3,"[(1080, 1294)]",54
WT_duplicate_4.tif_8bit_5frames.tif,0,21,4,"[(1366, 1322)]",41
WT_duplicate_4.tif_8bit_5frames.tif,0,22,0,"[(196, 454)]",38
WT_duplicate_4.tif_8bit_5frames.tif,0,22,1,"[(206, 364)]",41
WT_duplicate_4.tif_8bit_5frames.tif,0,22,2,"[(260, 270)]",36
WT_duplicate_4.tif_8bit_5frames.tif,0,22,3,"[(312, 562)]",49
WT_duplicate_4.tif_8bit_5frames.tif,0,22,4,"[(532, 1294)]",37
WT_duplicate_4.tif_8bit_5frames.tif,0,22,5,"[(550, 208)]",44
WT_duplicate_4.tif_8bit_5frames.tif,0,22,6,"[(694, 566)]",43
WT_duplicate_4.tif_8bit_5frames.tif,0,22,7,"[(760, 606)]",40
WT_duplicate_4.tif_8bit_5frames.tif,0,22,8,"[(768, 1310)]",41
WT_duplicate_4.tif_8bit_5frames.tif,0,22,9,"[(938, 760)]",42
WT_duplicate_4.tif_8bit_5frames.tif,0,22,10,"[(968, 142)]",50
WT_duplicate_4.tif_8bit_5frames.tif,0,22,11,"[(1032, 576)]",54
WT_duplicate_4.tif_8bit_5frames.tif,0,22,12,"[(1170, 1192)]",44
WT_duplicate_4.tif_8bit_5frames.tif,0,22,13,"[(1272, 860)]",50
WT_duplicate_4.tif_8bit_5frames.tif,0,22,14,"[(1544, 346)]",36
WT_duplicate_4.tif_8bit_5frames.tif,0,23,0,"[(676, 726)]",46
WT_duplicate_4.tif_8bit_5frames.tif,0,23,1,"[(912, 1412)]",44
WT_duplicate_4.tif_8bit_5frames.tif,0,23,2,"[(1294, 374)]",46
WT_duplicate_4.tif_8bit_5frames.tif,0,23,3,"[(1382, 236)]",43
WT_duplicate_4.tif_8bit_5frames.tif,0,23,4,"[(1420, 164)]",38
WT_duplicate_4.tif_8bit_5frames.tif,0,31,0,"[(148, 488)]",45
WT_duplicate_4.tif_8bit_5frames.tif,0,31,1,"[(448, 722)]",36
WT_duplicate_4.tif_8bit_5frames.tif,0,31,2,"[(506, 1070)]",36
WT_duplicate_4.tif_8bit_5frames.tif,0,31,3,"[(662, 1012)]",43
WT_duplicate_4.tif_8bit_5frames.tif,0,31,4,"[(684, 220)]",44
WT_duplicate_4.tif_8bit_5frames.tif,0,31,5,"[(714, 760)]",42
WT_duplicate_4.tif_8bit_5frames.tif,0,31,6,"[(786, 124)]",49
WT_duplicate_4.tif_8bit_5frames.tif,0,31,7,"[(1218, 846)]",40
WT_duplicate_4.tif_8bit_5frames.tif,0,32,0,"[(54, 1280)]",42
WT_duplicate_4.tif_8bit_5frames.tif,0,32,1,"[(472, 466)]",45
WT_duplicate_4.tif_8bit_5frames.tif,0,32,2,"[(504, 1524)]",43
WT_duplicate_4.tif_8bit_5frames.tif,0,32,3,"[(506, 586)]",54
WT_duplicate_4.tif_8bit_5frames.tif,0,32,4,"[(642, 936)]",47
WT_duplicate_4.tif_8bit_5frames.tif,0,32,5,"[(828, 972)]",43
WT_duplicate_4.tif_8bit_5frames.tif,0,32,6,"[(836, 1074)]",39
WT_duplicate_4.tif_8bit_5frames.tif,0,32,7,"[(1064, 922)]",42
WT_duplicate_4.tif_8bit_5frames.tif,0,32,8,"[(1092, 1416)]",46
WT_duplicate_4.tif_8bit_5frames.tif,0,32,9,"[(1174, 1338)]",46
WT_duplicate_4.tif_8bit_5frames.tif,0,32,10,"[(1468, 894)]",45
WT_duplicate_4.tif_8bit_5frames.tif,0,33,0,"[(226, 1182)]",37
WT_duplicate_4.tif_8bit_5frames.tif,0,33,1,"[(496, 492)]",52
WT_duplicate_4.tif_8bit_5frames.tif,0,33,2,"[(544, 1386)]",44
WT_duplicate_4.tif_8bit_5frames.tif,0,33,3,"[(584, 1458)]",42
WT_duplicate_4.tif_8bit_5frames.tif,0,33,4,"[(718, 978)]",46
WT_duplicate_4.tif_8bit_5frames.tif,0,33,5,"[(788, 662)]",52
WT_duplicate_4.tif_8bit_5frames.tif,0,33,6,"[(842, 1106)]",44
WT_duplicate_4.tif_8bit_5frames.tif,0,33,7,"[(1222, 1386)]",47
WT_duplicate_4.tif_8bit_5frames.tif,0,33,8,"[(1374, 936)]",42
