Filename,Seq_index,Time_label,Index,Name,X,Y,Width,Height,Z,"Forward/Backward/cannot tell/brownian/attached (F/B/N/I/A; if both F/B within 5 frames, labled as F, B)",weight,category,sum,description,,,,
ROI__Seq01_0.00s.tif.csv,Seq01,0.00s,0,0025-0625-0749,736,612,26,26,25,,1,F,179,Forward,,,remove early timepoints,B
ROI__Seq01_0.00s.tif.csv,Seq01,0.00s,1,0025-0582-0838,826,572,24,20,25,,1,B,64,Backward,,,,F
ROI__Seq01_0.00s.tif.csv,Seq01,0.00s,2,0025-0414-0676,664,402,24,24,25,,1,N,36,"motile, but cannot tell",,,,F
ROI__Seq01_0.00s.tif.csv,Seq01,0.00s,3,0025-0507-0672,654,494,36,26,25,,1,I,0,"immotile, brownian",,,,F
ROI__Seq01_0.00s.tif.csv,Seq01,0.00s,4,0025-0607-0553,540,594,26,26,25,,1,A,0,"immotile, attached",,,,N
ROI__Seq01_0.00s.tif.csv,Seq01,0.00s,5,0025-0536-0477,466,526,22,20,25,,1,,,,,,,F
ROI__Seq01_0.00s.tif.csv,Seq01,0.00s,6,0025-0623-0300,278,606,44,34,25,,1,,,,,,,F
ROI__Seq01_0.00s.tif.csv,Seq01,0.00s,7,0025-0546-0275,264,532,22,28,25,,1,,,,,,,N
ROI__Seq01_0.00s.tif.csv,Seq01,0.00s,8,0025-0768-0469,460,762,18,12,25,,1,,,,,,,B
ROI__Seq01_0.00s.tif.csv,Seq01,0.00s,9,0025-0850-0646,632,832,28,36,25,,1,,,,,,,F
ROI__Seq01_0.00s.tif.csv,Seq01,0.00s,10,0025-0986-0649,634,972,30,28,25,,1,,,,,,,B
ROI__Seq01_0.00s.tif.csv,Seq01,0.00s,11,0025-0948-0748,738,936,20,24,25,,1,,,,,,,B
ROI__Seq01_0.00s.tif.csv,Seq01,0.00s,12,0025-0652-1086,1076,642,20,20,25,,1,,,,,,,B
ROI__Seq01_0.00s.tif.csv,Seq01,0.00s,13,0025-0449-1109,1096,434,26,30,25,,1,,,,,,,F
ROI__Seq01_0.00s.tif.csv,Seq01,0.00s,14,0025-0812-0973,962,800,22,24,25,,1,,,,,,,F
ROI__Seq01_0.00s.tif.csv,Seq01,0.00s,15,0025-0899-1066,1054,884,24,30,25,,1,,,,,,,B
ROI__Seq01_0.00s.tif.csv,Seq01,0.00s,16,0025-0637-1117,1106,618,22,38,25,,1,,,,,,,F
ROI__Seq01_0.00s.tif.csv,Seq01,0.00s,17,0025-0495-1017,1006,482,22,26,25,,1,,,,,,,F
ROI__Seq01_0.00s.tif.csv,Seq01,0.00s,18,0025-0522-0983,974,508,18,28,25,,1,,,,,,,F
ROI__Seq01_0.00s.tif.csv,Seq01,0.00s,19,0025-0449-0942,926,432,32,34,25,,1,,,,,,,F
ROI__Seq01_0.00s.tif.csv,Seq01,0.00s,20,0025-0465-1290,1278,448,24,34,25,,1,,,,,,,F
ROI__Seq01_0.00s.tif.csv,Seq01,0.00s,21,0025-0916-0905,898,902,14,28,25,,1,,,,,,,F
ROI__Seq01_0.00s.tif.csv,Seq01,0.00s,22,0025-1184-0605,592,1170,26,28,25,,1,,,,,,,N
ROI__Seq01_0.00s.tif.csv,Seq01,0.00s,23,0025-0964-1079,1070,948,18,32,25,,1,,,,,,,N
ROI__Seq01_0.00s.tif.csv,Seq01,0.00s,24,0025-0407-0408,394,392,28,30,25,,1,,,,,,,F
ROI__Seq01_0.00s.tif.csv,Seq01,0.00s,25,0025-0591-0498,482,574,32,34,25,,1,,,,,,,B
ROI__Seq01_13.50s.tif.csv,Seq01,13.50s,0,0025-0548-0588,576,536,24,24,25,B,1,,,,,,,
ROI__Seq01_13.50s.tif.csv,Seq01,13.50s,1,0025-0608-0507,498,594,18,28,25,F,1,,,,,,,
ROI__Seq01_13.50s.tif.csv,Seq01,13.50s,2,0025-0683-0641,628,666,26,34,25,F,1,,,,,,,
ROI__Seq01_13.50s.tif.csv,Seq01,13.50s,3,0025-0799-0442,428,784,28,30,25,F,1,,,,,,,
ROI__Seq01_13.50s.tif.csv,Seq01,13.50s,4,0025-0743-0581,562,728,38,30,25,F,1,,,,,,,
ROI__Seq01_13.50s.tif.csv,Seq01,13.50s,5,0025-0438-0428,408,424,40,28,25,N,1,,,,,,,
ROI__Seq01_13.50s.tif.csv,Seq01,13.50s,6,0025-0469-0975,962,452,26,34,25,F,1,,,,,,,
ROI__Seq01_13.50s.tif.csv,Seq01,13.50s,7,0025-0284-0496,480,266,32,36,25,F,1,,,,,,,
ROI__Seq01_13.50s.tif.csv,Seq01,13.50s,8,0025-0432-0562,546,414,32,36,25,F,1,,,,,,,
ROI__Seq01_13.50s.tif.csv,Seq01,13.50s,9,0025-0902-0779,768,890,22,24,25,F,1,,,,,,,
ROI__Seq01_13.50s.tif.csv,Seq01,13.50s,10,0025-0915-0842,830,900,24,30,25,F,1,,,,,,,
ROI__Seq01_13.50s.tif.csv,Seq01,13.50s,11,0025-0909-0709,698,896,22,26,25,F,1,,,,,,,
ROI__Seq01_13.50s.tif.csv,Seq01,13.50s,12,0025-1084-0568,558,1076,20,16,25,B,1,,,,,,,
ROI__Seq01_13.50s.tif.csv,Seq01,13.50s,13,0025-1039-0586,570,1024,32,30,25,F,1,,,,,,,
ROI__Seq01_13.50s.tif.csv,Seq01,13.50s,14,0025-1165-0671,660,1152,22,26,25,F,1,,,,,,,
ROI__Seq01_13.50s.tif.csv,Seq01,13.50s,15,0025-1039-0661,650,1026,22,26,25,B,1,,,,,,,
ROI__Seq01_13.50s.tif.csv,Seq01,13.50s,16,0025-1034-0455,442,1018,26,32,25,F,1,,,,,,,
ROI__Seq01_13.50s.tif.csv,Seq01,13.50s,17,0025-1134-0438,428,1122,20,24,25,F,1,,,,,,,
ROI__Seq01_13.50s.tif.csv,Seq01,13.50s,18,0025-1278-0274,266,1268,16,20,25,N,1,,,,,,,
ROI__Seq01_13.50s.tif.csv,Seq01,13.50s,19,0025-0764-1190,1176,752,28,24,25,F,1,,,,,,,
ROI__Seq01_13.50s.tif.csv,Seq01,13.50s,20,0025-0834-1321,1306,816,30,36,25,B,1,,,,,,,
ROI__Seq01_13.50s.tif.csv,Seq01,13.50s,21,0025-1040-0897,886,1028,22,24,25,B,1,,,,,,,
ROI__Seq01_13.50s.tif.csv,Seq01,13.50s,22,0025-0922-1040,1026,910,28,24,25,N,1,,,,,,,
ROI__Seq01_13.50s.tif.csv,Seq01,13.50s,23,0025-1022-1156,1142,1006,28,32,25,B,1,,,,,,,
ROI__Seq01_13.50s.tif.csv,Seq01,13.50s,24,0025-0602-1171,1156,582,30,40,25,F,1,,,,,,,
ROI__Seq01_13.50s.tif.csv,Seq01,13.50s,25,0025-0654-0280,266,642,28,24,25,F,1,,,,,,,
ROI__Seq01_13.50s.tif.csv,Seq01,13.50s,26,0025-0875-0671,658,864,26,22,25,F,1,,,,,,,
ROI__Seq01_13.50s.tif.csv,Seq01,13.50s,27,0025-0725-0491,476,710,30,30,25,F,1,,,,,,,
ROI__Seq01_13.50s.tif.csv,Seq01,13.50s,28,0025-0907-0204,192,896,24,22,25,N,1,,,,,,,
ROI__Seq01_18.00s.tif.csv,Seq01,18.00s,0,0025-0555-0871,858,544,26,22,25,F,1,,,,,,,
ROI__Seq01_18.00s.tif.csv,Seq01,18.00s,1,0025-0621-0901,888,604,26,34,25,B,1,,,,,,,
ROI__Seq01_18.00s.tif.csv,Seq01,18.00s,2,0025-0597-0832,820,582,24,30,25,F,1,,,,,,,
ROI__Seq01_18.00s.tif.csv,Seq01,18.00s,3,0025-0483-0871,860,468,22,30,25,F,1,,,,,,,
ROI__Seq01_18.00s.tif.csv,Seq01,18.00s,4,0025-0538-1001,984,524,34,28,25,F,1,,,,,,,
ROI__Seq01_18.00s.tif.csv,Seq01,18.00s,5,0025-0413-0965,954,398,22,30,25,F,1,,,,,,,
ROI__Seq01_18.00s.tif.csv,Seq01,18.00s,6,0025-0372-0764,752,360,24,24,25,F,1,,,,,,,
ROI__Seq01_18.00s.tif.csv,Seq01,18.00s,7,0025-0412-0696,684,394,24,36,25,B,1,,,,,,,
ROI__Seq01_18.00s.tif.csv,Seq01,18.00s,8,0025-0477-0624,608,462,32,30,25,F,1,,,,,,,
ROI__Seq01_18.00s.tif.csv,Seq01,18.00s,9,0025-0448-0556,546,434,20,28,25,N,1,,,,,,,
ROI__Seq01_18.00s.tif.csv,Seq01,18.00s,10,0025-0391-0479,464,378,30,26,25,N,1,,,,,,,
ROI__Seq01_18.00s.tif.csv,Seq01,18.00s,11,0025-0688-0539,520,670,38,36,25,F,1,,,,,,,
ROI__Seq01_18.00s.tif.csv,Seq01,18.00s,12,0025-0899-0752,730,882,44,34,25,N,1,,,,,,,
ROI__Seq01_18.00s.tif.csv,Seq01,18.00s,13,0025-0884-0879,860,866,38,36,25,B,1,,,,,,,
ROI__Seq01_18.00s.tif.csv,Seq01,18.00s,14,0025-0829-0981,964,810,34,38,25,F,1,,,,,,,
ROI__Seq01_18.00s.tif.csv,Seq01,18.00s,15,0025-0423-1134,1118,404,32,38,25,F,1,,,,,,,
ROI__Seq01_18.00s.tif.csv,Seq01,18.00s,16,0025-0738-0993,974,726,38,24,25,F,1,,,,,,,
ROI__Seq01_18.00s.tif.csv,Seq01,18.00s,17,0025-0621-0348,334,606,28,30,25,F,1,,,,,,,
ROI__Seq01_18.00s.tif.csv,Seq01,18.00s,18,0025-0911-0229,216,902,26,18,25,N,1,,,,,,,
ROI__Seq01_18.00s.tif.csv,Seq01,18.00s,19,0025-0969-0255,240,954,30,30,25,N,1,,,,,,,
ROI__Seq01_18.00s.tif.csv,Seq01,18.00s,20,0025-1078-0355,342,1062,26,32,25,F,1,,,,,,,
ROI__Seq01_18.00s.tif.csv,Seq01,18.00s,21,0025-1157-0321,306,1136,30,42,25,N,1,,,,,,,
ROI__Seq01_18.00s.tif.csv,Seq01,18.00s,22,0025-1146-0697,680,1134,34,24,25,B,1,,,,,,,
ROI__Seq01_18.00s.tif.csv,Seq01,18.00s,23,0025-1127-0761,744,1108,34,38,25,F,1,,,,,,,
ROI__Seq01_18.00s.tif.csv,Seq01,18.00s,24,0025-1012-0472,454,992,36,40,25,F,1,,,,,,,
ROI__Seq01_18.00s.tif.csv,Seq01,18.00s,25,0025-0624-1092,1078,600,28,48,25,B,1,,,,,,,
ROI__Seq01_18.00s.tif.csv,Seq01,18.00s,26,0025-0718-1188,1170,708,36,20,25,F,1,,,,,,,
ROI__Seq01_18.00s.tif.csv,Seq01,18.00s,27,0025-0796-1219,1204,778,30,36,25,N,1,,,,,,,
ROI__Seq01_18.00s.tif.csv,Seq01,18.00s,28,0025-0786-1293,1284,774,18,24,25,F,1,,,,,,,
ROI__Seq01_18.00s.tif.csv,Seq01,18.00s,29,0025-0583-1372,1358,564,28,38,25,F,1,,,,,,,
ROI__Seq01_4.50s.tif.csv,Seq01,4.50s,0,0025-0444-0681,666,430,30,28,25,B,1,,,,,,,
ROI__Seq01_4.50s.tif.csv,Seq01,4.50s,1,0025-0467-0816,802,454,28,26,25,B,1,,,,,,,
ROI__Seq01_4.50s.tif.csv,Seq01,4.50s,2,0025-0505-0690,674,494,32,22,25,F,1,,,,,,,
ROI__Seq01_4.50s.tif.csv,Seq01,4.50s,3,0025-0558-0665,654,546,22,24,25,B,1,,,,,,,
ROI__Seq01_4.50s.tif.csv,Seq01,4.50s,4,0025-0666-0590,574,654,32,24,25,B,1,,,,,,,
ROI__Seq01_4.50s.tif.csv,Seq01,4.50s,5,0025-0669-0717,704,652,26,34,25,B,1,,,,,,,
ROI__Seq01_4.50s.tif.csv,Seq01,4.50s,6,0025-0771-0739,728,760,22,22,25,F,1,,,,,,,
ROI__Seq01_4.50s.tif.csv,Seq01,4.50s,7,0025-0789-0616,604,776,24,26,25,B,1,,,,,,,
ROI__Seq01_4.50s.tif.csv,Seq01,4.50s,8,0025-0857-0614,600,842,28,30,25,F,1,,,,,,,
ROI__Seq01_4.50s.tif.csv,Seq01,4.50s,9,0025-0749-0430,418,732,24,34,25,B,1,,,,,,,
ROI__Seq01_4.50s.tif.csv,Seq01,4.50s,10,0025-0685-0406,396,670,20,30,25,N,1,,,,,,,
ROI__Seq01_4.50s.tif.csv,Seq01,4.50s,11,0025-0592-0254,242,576,24,32,25,F,1,,,,,,,
ROI__Seq01_4.50s.tif.csv,Seq01,4.50s,12,0025-0926-0441,426,908,30,36,25,F,1,,,,,,,
ROI__Seq01_4.50s.tif.csv,Seq01,4.50s,13,0025-0835-0308,294,824,28,22,25,B,1,,,,,,,
ROI__Seq01_4.50s.tif.csv,Seq01,4.50s,14,0025-0897-0696,680,878,32,38,25,B,1,,,,,,,
ROI__Seq01_4.50s.tif.csv,Seq01,4.50s,15,0025-0661-0992,976,642,32,38,25,N,1,,,,,,,
ROI__Seq01_4.50s.tif.csv,Seq01,4.50s,16,0025-0769-0946,934,750,24,38,25,B,1,,,,,,,
ROI__Seq01_4.50s.tif.csv,Seq01,4.50s,17,0025-1140-0582,572,1124,20,32,25,F,1,,,,,,,
ROI__Seq01_4.50s.tif.csv,Seq01,4.50s,18,0025-0976-0587,574,964,26,24,25,N,1,,,,,,,
ROI__Seq01_4.50s.tif.csv,Seq01,4.50s,19,0025-1175-0830,814,1162,32,26,25,F,1,,,,,,,
ROI__Seq01_4.50s.tif.csv,Seq01,4.50s,20,0025-1127-0870,854,1112,32,30,25,F,1,,,,,,,
ROI__Seq01_4.50s.tif.csv,Seq01,4.50s,21,0025-0909-1143,1126,890,34,38,25,F,1,,,,,,,
ROI__Seq01_4.50s.tif.csv,Seq01,4.50s,22,0025-0892-0959,938,870,42,44,25,F,1,,,,,,,
ROI__Seq01_4.50s.tif.csv,Seq01,4.50s,23,0025-0448-0935,920,432,30,32,25,N,1,,,,,,,
ROI__Seq01_4.50s.tif.csv,Seq01,4.50s,24,0025-0229-0877,860,208,34,42,25,N,1,,,,,,,
ROI__Seq01_4.50s.tif.csv,Seq01,4.50s,25,0025-0246-0797,778,228,38,36,25,F,1,,,,,,,
ROI__Seq01_4.50s.tif.csv,Seq01,4.50s,26,0025-0226-0647,632,208,30,36,25,N,1,,,,,,,
ROI__Seq01_4.50s.tif.csv,Seq01,4.50s,27,0025-1095-0378,366,1080,24,30,25,F,1,,,,,,,
ROI__Seq01_4.50s.tif.csv,Seq01,4.50s,28,0025-1054-0892,882,1040,20,28,25,F,1,,,,,,,
ROI__Seq01_9.00s.tif.csv,Seq01,9.00s,0,0025-0592-0572,558,578,28,28,25,F,1,,,,,,,
ROI__Seq01_9.00s.tif.csv,Seq01,9.00s,1,0025-0544-0802,788,532,28,24,25,N,1,,,,,,,
ROI__Seq01_9.00s.tif.csv,Seq01,9.00s,2,0025-0617-0734,728,608,12,18,25,B,1,,,,,,,
ROI__Seq01_9.00s.tif.csv,Seq01,9.00s,3,0025-0691-0962,942,678,40,26,25,F,1,,,,,,,
ROI__Seq01_9.00s.tif.csv,Seq01,9.00s,4,0025-0870-1021,1004,854,34,32,25,B,1,,,,,,,
ROI__Seq01_9.00s.tif.csv,Seq01,9.00s,5,0025-0822-1110,1096,806,28,32,25,F,1,,,,,,,
ROI__Seq01_9.00s.tif.csv,Seq01,9.00s,6,0025-0737-0755,742,726,26,22,25,F,1,,,,,,,
ROI__Seq01_9.00s.tif.csv,Seq01,9.00s,7,0025-0785-0777,768,774,18,22,25,F,1,,,,,,,
ROI__Seq01_9.00s.tif.csv,Seq01,9.00s,8,0025-0833-0781,770,824,22,18,25,N,1,,,,,,,
ROI__Seq01_9.00s.tif.csv,Seq01,9.00s,9,0025-0892-0739,728,880,22,24,25,F,1,,,,,,,
ROI__Seq01_9.00s.tif.csv,Seq01,9.00s,10,0025-0882-0702,690,872,24,20,25,F,1,,,,,,,
ROI__Seq01_9.00s.tif.csv,Seq01,9.00s,11,0025-0950-0704,686,932,36,36,25,F,1,,,,,,,
ROI__Seq01_9.00s.tif.csv,Seq01,9.00s,12,0025-0880-0795,784,868,22,24,25,N,1,,,,,,,
ROI__Seq01_9.00s.tif.csv,Seq01,9.00s,13,0025-1087-0876,864,1076,24,22,25,B,1,,,,,,,
ROI__Seq01_9.00s.tif.csv,Seq01,9.00s,14,0025-0668-0397,380,650,34,36,25,F,1,,,,,,,
ROI__Seq01_9.00s.tif.csv,Seq01,9.00s,15,0025-0587-0262,248,576,28,22,25,F,1,,,,,,,
ROI__Seq01_9.00s.tif.csv,Seq01,9.00s,16,0025-0667-0129,120,654,18,26,25,N,1,,,,,,,
ROI__Seq01_9.00s.tif.csv,Seq01,9.00s,17,0025-0916-0255,246,902,18,28,25,N,1,,,,,,,
ROI__Seq01_9.00s.tif.csv,Seq01,9.00s,18,0025-1010-0331,312,986,38,48,25,N,1,,,,,,,
ROI__Seq01_9.00s.tif.csv,Seq01,9.00s,19,0025-1264-0249,236,1256,26,16,25,N,1,,,,,,,
ROI__Seq01_9.00s.tif.csv,Seq01,9.00s,20,0025-1172-0700,688,1160,24,24,25,F,1,,,,,,,
ROI__Seq01_9.00s.tif.csv,Seq01,9.00s,21,0025-0619-0417,402,606,30,26,25,F,1,,,,,,,
ROI__Seq01_9.00s.tif.csv,Seq01,9.00s,22,0025-0899-1207,1192,880,30,38,25,F,1,,,,,,,
ROI__Seq01_9.00s.tif.csv,Seq01,9.00s,23,0025-0988-1250,1240,970,20,36,25,N,1,,,,,,,
ROI__Seq01_9.00s.tif.csv,Seq01,9.00s,24,0025-1140-1004,990,1126,28,28,25,F,1,,,,,,,
ROI__Seq01_9.00s.tif.csv,Seq01,9.00s,25,0025-1248-1009,996,1234,26,28,25,B,1,,,,,,,
ROI__Seq01_9.00s.tif.csv,Seq01,9.00s,26,0025-0541-0915,906,528,18,26,25,N,1,,,,,,,
ROI__Seq01_9.00s.tif.csv,Seq01,9.00s,27,0025-0264-0921,906,252,30,24,25,F,1,,,,,,,
ROI__Seq02_0.00s.tif.csv,Seq02,0.00s,0,0025-0581-0710,696,556,28,50,25,F,1,,,,,,,
ROI__Seq02_0.00s.tif.csv,Seq02,0.00s,1,0025-0647-0811,802,632,18,30,25,B,1,,,,,,,
ROI__Seq02_0.00s.tif.csv,Seq02,0.00s,2,0025-0503-0830,818,490,24,26,25,F,1,,,,,,,
ROI__Seq02_0.00s.tif.csv,Seq02,0.00s,3,0025-0917-0702,690,902,24,30,25,F,1,,,,,,,
ROI__Seq02_0.00s.tif.csv,Seq02,0.00s,4,0025-0805-0467,458,792,18,26,25,N,1,,,,,,,
ROI__Seq02_0.00s.tif.csv,Seq02,0.00s,5,0025-0738-0965,958,726,14,24,25,F,1,,,,,,,
ROI__Seq02_0.00s.tif.csv,Seq02,0.00s,6,0025-0715-0937,926,702,22,26,25,F,1,,,,,,,
ROI__Seq02_0.00s.tif.csv,Seq02,0.00s,7,0025-0586-0392,380,570,24,32,25,N,1,,,,,,,
ROI__Seq02_0.00s.tif.csv,Seq02,0.00s,8,0025-0773-0395,382,762,26,22,25,F,1,,,,,,,
ROI__Seq02_0.00s.tif.csv,Seq02,0.00s,9,0025-0508-0727,720,496,14,24,25,F,1,,,,,,,
ROI__Seq02_0.00s.tif.csv,Seq02,0.00s,10,0025-0496-0764,756,486,16,20,25,F,1,,,,,,,
ROI__Seq02_0.00s.tif.csv,Seq02,0.00s,11,0025-0457-0660,650,442,20,30,25,N,1,,,,,,,
ROI__Seq02_0.00s.tif.csv,Seq02,0.00s,12,0025-0378-0702,686,360,32,36,25,F,1,,,,,,,
ROI__Seq02_0.00s.tif.csv,Seq02,0.00s,13,0030-0788-0810,794,778,32,20,30,F,1,,,,,,,
ROI__Seq02_0.00s.tif.csv,Seq02,0.00s,14,0032-0958-0955,942,948,26,20,32,F,1,,,,,,,
ROI__Seq02_0.00s.tif.csv,Seq02,0.00s,15,0032-0929-0923,914,918,18,22,32,F,1,,,,,,,
ROI__Seq02_0.00s.tif.csv,Seq02,0.00s,16,0031-0926-1173,1162,914,22,24,31,F,1,,,,,,,
ROI__Seq02_0.00s.tif.csv,Seq02,0.00s,17,0034-0964-0865,850,944,30,40,34,F,1,,,,,,,
ROI__Seq02_0.00s.tif.csv,Seq02,0.00s,18,0034-0977-0582,568,966,28,22,34,F,1,,,,,,,
ROI__Seq02_0.00s.tif.csv,Seq02,0.00s,19,0034-1014-0521,504,996,34,36,34,F,1,,,,,,,
ROI__Seq02_0.00s.tif.csv,Seq02,0.00s,20,0035-1200-0748,736,1186,24,28,35,B,1,,,,,,,
ROI__Seq02_0.00s.tif.csv,Seq02,0.00s,21,0035-1059-0966,956,1044,20,30,35,F,1,,,,,,,
ROI__Seq02_0.00s.tif.csv,Seq02,0.00s,22,0043-0675-0781,770,660,22,30,43,F,1,,,,,,,
ROI__Seq02_0.00s.tif.csv,Seq02,0.00s,23,0043-0703-0626,612,692,28,22,43,F,1,,,,,,,
ROI__Seq02_0.00s.tif.csv,Seq02,0.00s,24,0043-0546-0831,820,532,22,28,43,B,1,,,,,,,
ROI__Seq02_0.00s.tif.csv,Seq02,0.00s,25,0048-0790-0903,888,774,30,32,48,F,1,,,,,,,
ROI__Seq02_0.00s.tif.csv,Seq02,0.00s,26,0047-0688-0917,904,672,26,32,47,F,1,,,,,,,
ROI__Seq02_0.00s.tif.csv,Seq02,0.00s,27,0050-0648-0774,754,632,40,32,50,F,1,,,,,,,
ROI__Seq02_0.00s.tif.csv,Seq02,0.00s,28,0050-0736-0672,662,722,20,28,50,B,1,,,,,,,
ROI__Seq02_0.00s.tif.csv,Seq02,0.00s,29,0050-0798-0621,608,786,26,24,50,F,1,,,,,,,
ROI__Seq02_0.00s.tif.csv,Seq02,0.00s,30,0050-0561-0500,488,540,24,42,50,F,1,,,,,,,
ROI__Seq02_13.50s.tif.csv,Seq02,13.50s,0,0026-0561-0873,854,548,38,26,26,F,1,,,,,,,
ROI__Seq02_13.50s.tif.csv,Seq02,13.50s,1,0028-0441-0454,430,424,48,34,28,F,1,,,,,,,
ROI__Seq02_13.50s.tif.csv,Seq02,13.50s,2,0028-0481-0573,552,460,42,42,28,N,1,,,,,,,
ROI__Seq02_13.50s.tif.csv,Seq02,13.50s,3,0028-0766-0709,696,746,26,40,28,F,1,,,,,,,
ROI__Seq02_13.50s.tif.csv,Seq02,13.50s,4,0028-0699-0659,638,684,42,30,28,F,1,,,,,,,
ROI__Seq02_13.50s.tif.csv,Seq02,13.50s,5,0027-0799-0787,778,788,18,22,27,F,1,,,,,,,
ROI__Seq02_13.50s.tif.csv,Seq02,13.50s,6,0027-0856-0808,794,842,28,28,27,N,1,,,,,,,
ROI__Seq02_13.50s.tif.csv,Seq02,13.50s,7,0028-1010-0635,624,994,22,32,28,B,1,,,,,,,
ROI__Seq02_13.50s.tif.csv,Seq02,13.50s,8,0029-0522-1131,1126,500,10,44,29,F,1,,,,,,,
ROI__Seq02_13.50s.tif.csv,Seq02,13.50s,9,0030-0726-1117,1096,712,42,28,30,B,1,,,,,,,
ROI__Seq02_13.50s.tif.csv,Seq02,13.50s,10,0039-0792-0472,460,774,24,36,39,B,1,,,,,,,
ROI__Seq02_13.50s.tif.csv,Seq02,13.50s,11,0039-0610-0921,906,592,30,36,39,F,1,,,,,,,
ROI__Seq02_13.50s.tif.csv,Seq02,13.50s,12,0038-1063-0906,898,1046,16,34,38,B,1,,,,,,,
ROI__Seq02_13.50s.tif.csv,Seq02,13.50s,13,0042-0441-1046,1034,424,24,34,42,F,1,,,,,,,
ROI__Seq02_13.50s.tif.csv,Seq02,13.50s,14,0041-0825-0867,856,810,22,30,41,F,1,,,,,,,
ROI__Seq02_13.50s.tif.csv,Seq02,13.50s,15,0044-0610-0725,712,590,26,40,44,F,1,,,,,,,
ROI__Seq02_13.50s.tif.csv,Seq02,13.50s,16,0049-0647-0489,472,626,34,42,49,F,1,,,,,,,
ROI__Seq02_13.50s.tif.csv,Seq02,13.50s,17,0049-0903-0380,364,894,32,18,49,F,1,,,,,,,
ROI__Seq02_13.50s.tif.csv,Seq02,13.50s,18,0049-0463-0750,736,450,28,26,49,F,1,,,,,,,
ROI__Seq02_13.50s.tif.csv,Seq02,13.50s,19,0047-1089-0659,642,1072,34,34,47,F,1,,,,,,,
ROI__Seq02_13.50s.tif.csv,Seq02,13.50s,20,0047-1125-0542,526,1108,32,34,47,F,1,,,,,,,
ROI__Seq02_13.50s.tif.csv,Seq02,13.50s,21,0047-0918-0684,672,904,24,28,47,F,1,,,,,,,
ROI__Seq02_13.50s.tif.csv,Seq02,13.50s,22,0050-0913-0805,790,896,30,34,50,F,1,,,,,,,
ROI__Seq02_13.50s.tif.csv,Seq02,13.50s,23,0048-0895-0647,638,880,18,30,48,F,1,,,,,,,
ROI__Seq02_13.50s.tif.csv,Seq02,13.50s,24,0045-0995-0612,594,972,36,46,45,F,1,,,,,,,
ROI__Seq02_13.50s.tif.csv,Seq02,13.50s,25,0044-0807-0997,990,796,14,22,44,B,1,,,,,,,
ROI__Seq02_13.50s.tif.csv,Seq02,13.50s,26,0045-0806-1081,1064,790,34,32,45,F,1,,,,,,,
ROI__Seq02_13.50s.tif.csv,Seq02,13.50s,27,0042-0835-1173,1160,820,26,30,42,F,1,,,,,,,
ROI__Seq02_13.50s.tif.csv,Seq02,13.50s,28,0035-0423-0479,464,404,30,38,35,B,1,,,,,,,
ROI__Seq02_18.00s.tif.csv,Seq02,18.00s,0,0025-0510-0812,800,498,24,24,25,B,1,,,,,,,
ROI__Seq02_18.00s.tif.csv,Seq02,18.00s,1,0025-0476-1033,1024,466,18,20,25,B,1,,,,,,,
ROI__Seq02_18.00s.tif.csv,Seq02,18.00s,2,0025-0795-1005,996,784,18,22,25,F,1,,,,,,,
ROI__Seq02_18.00s.tif.csv,Seq02,18.00s,3,0025-0923-0723,710,908,26,30,25,F,1,,,,,,,
ROI__Seq02_18.00s.tif.csv,Seq02,18.00s,4,0025-0865-0807,798,852,18,26,25,F,1,,,,,,,
ROI__Seq02_18.00s.tif.csv,Seq02,18.00s,5,0025-0970-1048,1040,958,16,24,25,B,1,,,,,,,
ROI__Seq02_18.00s.tif.csv,Seq02,18.00s,6,0025-0874-1093,1080,856,26,36,25,F,1,,,,,,,
ROI__Seq02_18.00s.tif.csv,Seq02,18.00s,7,0025-1121-0776,766,1106,20,30,25,F,1,,,,,,,
ROI__Seq02_18.00s.tif.csv,Seq02,18.00s,8,0025-1128-0721,712,1114,18,28,25,F,1,,,,,,,
ROI__Seq02_18.00s.tif.csv,Seq02,18.00s,9,0025-1010-0450,432,990,36,40,25,F,1,,,,,,,
ROI__Seq02_18.00s.tif.csv,Seq02,18.00s,10,0025-0635-0367,350,620,34,30,25,F,1,,,,,,,
ROI__Seq02_18.00s.tif.csv,Seq02,18.00s,11,0025-0682-0295,280,666,30,32,25,B,1,,,,,,,
ROI__Seq02_18.00s.tif.csv,Seq02,18.00s,12,0025-0802-0285,264,788,42,28,25,F,1,,,,,,,
ROI__Seq02_18.00s.tif.csv,Seq02,18.00s,13,0025-0663-1013,1006,646,14,34,25,N,1,,,,,,,
ROI__Seq02_18.00s.tif.csv,Seq02,18.00s,14,0025-0670-0943,932,656,22,28,25,F,1,,,,,,,
ROI__Seq02_18.00s.tif.csv,Seq02,18.00s,15,0025-0395-0965,950,380,30,30,25,B,1,,,,,,,
ROI__Seq02_18.00s.tif.csv,Seq02,18.00s,16,0028-0638-0841,826,626,30,24,28,F,1,,,,,,,
ROI__Seq02_18.00s.tif.csv,Seq02,18.00s,17,0028-0769-0760,738,742,44,54,28,F,1,,,,,,,
ROI__Seq02_18.00s.tif.csv,Seq02,18.00s,18,0025-0334-0929,908,320,42,28,25,F,1,,,,,,,
ROI__Seq02_18.00s.tif.csv,Seq02,18.00s,19,0025-0360-1038,1022,342,32,36,25,B,1,,,,,,,
ROI__Seq02_18.00s.tif.csv,Seq02,18.00s,20,0033-0481-0761,748,460,26,42,33,F,1,,,,,,,
ROI__Seq02_18.00s.tif.csv,Seq02,18.00s,21,0033-0191-0754,742,174,24,34,33,F,1,,,,,,,
ROI__Seq02_18.00s.tif.csv,Seq02,18.00s,22,0035-0488-0445,430,472,30,32,35,F,1,,,,,,,
ROI__Seq02_18.00s.tif.csv,Seq02,18.00s,23,0035-0599-0499,488,578,22,42,35,B,1,,,,,,,
ROI__Seq02_18.00s.tif.csv,Seq02,18.00s,24,0035-0709-0552,540,696,24,26,35,F,1,,,,,,,
ROI__Seq02_18.00s.tif.csv,Seq02,18.00s,25,0035-0577-0610,604,556,12,42,35,B,1,,,,,,,
ROI__Seq02_18.00s.tif.csv,Seq02,18.00s,26,0037-0536-0732,722,524,20,24,37,F,1,,,,,,,
ROI__Seq02_18.00s.tif.csv,Seq02,18.00s,27,0038-0673-0744,726,654,36,38,38,F,1,,,,,,,
ROI__Seq02_18.00s.tif.csv,Seq02,18.00s,28,0038-1133-0801,792,1120,18,26,38,F,1,,,,,,,
ROI__Seq02_18.00s.tif.csv,Seq02,18.00s,29,0038-1233-0832,820,1220,24,26,38,B,1,,,,,,,
ROI__Seq02_18.00s.tif.csv,Seq02,18.00s,30,0040-0681-1055,1040,664,30,34,40,B,1,,,,,,,
ROI__Seq02_18.00s.tif.csv,Seq02,18.00s,31,0041-0465-1251,1240,450,22,30,41,F,1,,,,,,,
ROI__Seq02_18.00s.tif.csv,Seq02,18.00s,32,0043-0802-0764,754,780,20,44,43,B,1,,,,,,,
ROI__Seq02_18.00s.tif.csv,Seq02,18.00s,33,0048-0465-0638,626,452,24,26,48,F,1,,,,,,,
ROI__Seq02_18.00s.tif.csv,Seq02,18.00s,34,0048-0524-0605,582,510,46,28,48,F,1,,,,,,,
ROI__Seq02_18.00s.tif.csv,Seq02,18.00s,35,0048-0408-0848,836,392,24,32,48,F,1,,,,,,,
ROI__Seq02_18.00s.tif.csv,Seq02,18.00s,36,0048-0554-0300,288,540,24,28,48,F,1,,,,,,,
ROI__Seq02_18.00s.tif.csv,Seq02,18.00s,37,0048-0911-0478,462,898,32,26,48,N,1,,,,,,,
ROI__Seq02_4.50s.tif.csv,Seq02,4.50s,0,0023-0679-0427,410,668,34,22,23,F,1,,,,,,,
ROI__Seq02_4.50s.tif.csv,Seq02,4.50s,1,0023-0993-0576,564,980,24,26,23,B,1,,,,,,,
ROI__Seq02_4.50s.tif.csv,Seq02,4.50s,2,0023-0971-0970,956,954,28,34,23,F,1,,,,,,,
ROI__Seq02_4.50s.tif.csv,Seq02,4.50s,3,0023-0897-0782,770,884,24,26,23,B,1,,,,,,,
ROI__Seq02_4.50s.tif.csv,Seq02,4.50s,4,0023-0857-0800,792,844,16,26,23,F,1,,,,,,,
ROI__Seq02_4.50s.tif.csv,Seq02,4.50s,5,0022-0781-0938,922,754,32,54,22,F,1,,,,,,,
ROI__Seq02_4.50s.tif.csv,Seq02,4.50s,6,0023-0990-0496,478,974,36,32,23,F,1,,,,,,,
ROI__Seq02_4.50s.tif.csv,Seq02,4.50s,7,0023-0932-0504,488,916,32,32,23,F,1,,,,,,,
ROI__Seq02_4.50s.tif.csv,Seq02,4.50s,8,0026-0635-0529,518,612,22,46,26,F,1,,,,,,,
ROI__Seq02_4.50s.tif.csv,Seq02,4.50s,9,0026-0554-0729,714,538,30,32,26,F,1,,,,,,,
ROI__Seq02_4.50s.tif.csv,Seq02,4.50s,10,0026-0655-1180,1166,646,28,18,26,B,1,,,,,,,
ROI__Seq02_4.50s.tif.csv,Seq02,4.50s,11,0026-0672-1120,1104,660,32,24,26,N,1,,,,,,,
ROI__Seq02_4.50s.tif.csv,Seq02,4.50s,12,0020-0735-0972,966,722,12,26,20,F,1,,,,,,,
ROI__Seq02_4.50s.tif.csv,Seq02,4.50s,13,0020-0701-1019,1004,688,30,26,20,B,1,,,,,,,
ROI__Seq02_4.50s.tif.csv,Seq02,4.50s,14,0020-0466-1080,1060,440,40,52,20,F,1,,,,,,,
ROI__Seq02_4.50s.tif.csv,Seq02,4.50s,15,0030-0828-0813,798,816,30,24,30,B,1,,,,,,,
ROI__Seq02_4.50s.tif.csv,Seq02,4.50s,16,0028-0441-0727,710,422,34,38,28,F,1,,,,,,,
ROI__Seq02_4.50s.tif.csv,Seq02,4.50s,17,0028-0643-0589,568,624,42,38,28,F,1,,,,,,,
ROI__Seq02_4.50s.tif.csv,Seq02,4.50s,18,0031-0378-0893,874,358,38,40,31,F,1,,,,,,,
ROI__Seq02_4.50s.tif.csv,Seq02,4.50s,19,0029-0862-0561,550,848,22,28,29,F,1,,,,,,,
ROI__Seq02_4.50s.tif.csv,Seq02,4.50s,20,0034-0837-1099,1080,824,38,26,34,F,1,,,,,,,
ROI__Seq02_4.50s.tif.csv,Seq02,4.50s,21,0034-0990-0934,916,974,36,32,34,B,1,,,,,,,
ROI__Seq02_4.50s.tif.csv,Seq02,4.50s,22,0035-0528-0479,464,506,30,44,35,F,1,,,,,,,
ROI__Seq02_4.50s.tif.csv,Seq02,4.50s,23,0034-0588-0239,220,576,38,24,34,F,1,,,,,,,
ROI__Seq02_4.50s.tif.csv,Seq02,4.50s,24,0046-1054-0402,390,1038,24,32,46,F,1,,,,,,,
ROI__Seq02_4.50s.tif.csv,Seq02,4.50s,25,0046-1219-0570,550,1198,40,42,46,F,1,,,,,,,
ROI__Seq02_4.50s.tif.csv,Seq02,4.50s,26,0045-1138-1006,996,1122,20,32,45,B,1,,,,,,,
ROI__Seq02_4.50s.tif.csv,Seq02,4.50s,27,0044-0771-1200,1184,758,32,26,44,B,1,,,,,,,
ROI__Seq02_4.50s.tif.csv,Seq02,4.50s,28,0043-1039-0647,622,1022,50,34,43,B,1,,,,,,,
ROI__Seq02_4.50s.tif.csv,Seq02,4.50s,29,0042-0725-0458,438,706,40,38,42,F,1,,,,,,,
ROI__Seq02_4.50s.tif.csv,Seq02,4.50s,30,0042-0430-0238,226,414,24,32,42,F,1,,,,,,,
ROI__Seq02_4.50s.tif.csv,Seq02,4.50s,31,0042-0337-1098,1084,322,28,30,42,F,1,,,,,,,
ROI__Seq02_9.00s.tif.csv,Seq02,9.00s,0,0025-0466-0931,916,446,30,40,25,F,1,,,,,,,
ROI__Seq02_9.00s.tif.csv,Seq02,9.00s,1,0025-0493-0386,366,476,40,34,25,F,1,,,,,,,
ROI__Seq02_9.00s.tif.csv,Seq02,9.00s,2,0023-0280-0856,842,268,28,24,23,B,1,,,,,,,
ROI__Seq02_9.00s.tif.csv,Seq02,9.00s,3,0023-0320-0819,810,310,18,20,23,N,1,,,,,,,
ROI__Seq02_9.00s.tif.csv,Seq02,9.00s,4,0022-0406-0738,714,390,48,32,22,F,1,,,,,,,
ROI__Seq02_9.00s.tif.csv,Seq02,9.00s,5,0021-0251-0512,500,238,24,26,21,F,1,,,,,,,
ROI__Seq02_9.00s.tif.csv,Seq02,9.00s,6,0025-0600-0429,402,580,54,40,25,F,1,,,,,,,
ROI__Seq02_9.00s.tif.csv,Seq02,9.00s,7,0025-0651-0952,932,630,40,42,25,N,1,,,,,,,
ROI__Seq02_9.00s.tif.csv,Seq02,9.00s,8,0025-0712-1029,998,688,62,48,25,F,1,,,,,,,
ROI__Seq02_9.00s.tif.csv,Seq02,9.00s,9,0025-0851-1018,1002,830,32,42,25,B,1,,,,,,,
ROI__Seq02_9.00s.tif.csv,Seq02,9.00s,10,0025-0921-0626,614,908,24,26,25,B,1,,,,,,,
ROI__Seq02_9.00s.tif.csv,Seq02,9.00s,11,0025-0787-0518,494,768,48,38,25,F,1,,,,,,,
ROI__Seq02_9.00s.tif.csv,Seq02,9.00s,12,0026-0921-0558,542,900,32,42,26,B,1,,,,,,,
ROI__Seq02_9.00s.tif.csv,Seq02,9.00s,13,0026-0993-0987,974,978,26,30,26,F,1,,,,,,,
ROI__Seq02_9.00s.tif.csv,Seq02,9.00s,14,0026-1229-0842,828,1208,28,42,26,B,1,,,,,,,
ROI__Seq02_9.00s.tif.csv,Seq02,9.00s,15,0026-1139-0510,492,1120,36,38,26,B,1,,,,,,,
ROI__Seq02_9.00s.tif.csv,Seq02,9.00s,16,0029-0990-0527,514,980,26,20,29,F,1,,,,,,,
ROI__Seq02_9.00s.tif.csv,Seq02,9.00s,17,0029-1012-1015,996,1004,38,16,29,F,1,,,,,,,
ROI__Seq02_9.00s.tif.csv,Seq02,9.00s,18,0031-0989-1227,1214,972,26,34,31,F,1,,,,,,,
ROI__Seq02_9.00s.tif.csv,Seq02,9.00s,19,0036-0728-0885,870,714,30,28,36,F,1,,,,,,,
ROI__Seq02_9.00s.tif.csv,Seq02,9.00s,20,0041-0639-0800,794,626,12,26,41,F,1,,,,,,,
ROI__Seq02_9.00s.tif.csv,Seq02,9.00s,21,0039-0621-0446,438,608,16,26,39,F,1,,,,,,,
ROI__Seq02_9.00s.tif.csv,Seq02,9.00s,22,0045-0587-0699,686,572,26,30,45,B,1,,,,,,,
ROI__Seq02_9.00s.tif.csv,Seq02,9.00s,23,0045-0745-0574,556,726,36,38,45,F,1,,,,,,,
ROI__Seq02_9.00s.tif.csv,Seq02,9.00s,24,0046-0575-1173,1162,566,22,18,46,F,1,,,,,,,
ROI__Seq02_9.00s.tif.csv,Seq02,9.00s,25,0046-1014-0504,486,998,36,32,46,F,1,,,,,,,
ROI__Seq02_9.00s.tif.csv,Seq02,9.00s,26,0049-0232-0806,790,210,32,44,49,B,1,,,,,,,
ROI__Seq02_9.00s.tif.csv,Seq02,9.00s,27,0050-0389-0589,576,374,26,30,50,B,1,,,,,,,
ROI__Seq02_9.00s.tif.csv,Seq02,9.00s,28,0046-0796-0364,346,780,36,32,46,F,1,,,,,,,
ROI__Seq02_9.00s.tif.csv,Seq02,9.00s,29,0045-0690-0340,330,678,20,24,45,F,1,,,,,,,
ROI__Seq02_9.00s.tif.csv,Seq02,9.00s,30,0046-0515-1217,1204,504,26,22,46,F,1,,,,,,,
ROI__Seq02_9.00s.tif.csv,Seq02,9.00s,31,0042-0816-1093,1082,800,22,32,42,F,1,,,,,,,
ROI__Seq02_9.00s.tif.csv,Seq02,9.00s,32,0041-1199-0877,860,1186,34,26,41,F,1,,,,,,,
